source,customer,suggested
NON FE:Alum/Cu Radiators,C&Y Global, Inc. / Pro Metal Recycling,
NON FE:Thermal extrusions,C&Y Global, Inc. / Pro Metal Recycling,
NON FE:Alum/Cu Radiators,C&Y Global, Inc. / Pro Metal Recycling,
NON FE:Thermal extrusions,C&Y Global, Inc. / Pro Metal Recycling,
NON FE:Alum/Cu Radiators,C&Y Global, Inc. / Pro Metal Recycling,
NON FE:Alum/Cu Radiators,C&Y Global, Inc. / Pro Metal Recycling,
NON FE:Thermal extrusions,C&Y Global, Inc. / Pro Metal Recycling,
NON FE:Thermal extrusions,C&Y Global, Inc. / Pro Metal Recycling,
NON FE:Alum/Cu Radiators,C&Y Global, Inc. / Pro Metal Recycling,
NON FE:Thermal extrusions,C&Y Global, Inc. / Pro Metal Recycling,
